Name,Phone,Email
Aaditya,1234567890,aaditya.m@gmail.com
Bhushan,1234567890,bhushan.k@gmail.com
Chinmay,1234567890,chinmay.p@gmail.com
Deepak,1234567890,deepak.s@gmail.com
Esha,1234567890,esha.d@gmail.com
Farhan,1234567890,farhan.r@gmail.com
Gauri,1234567890,gauri.m@gmail.com
Harshad,1234567890,harshad.t@gmail.com
Isha,1234567890,isha.v@gmail.com
Jeevan,1234567890,jeevan.n@gmail.com
